Consultas principales,Clics,Impresiones,CTR,Posición
clases de tenis satelite,6,55,10.91%,8.76
clases de tenis polanco,1,17,5.88%,4.59
clases de tenis cerca de mi,1,7,14.29%,5.29
clases de tennis,1,3,33.33%,5.0
clases de tenis naucalpan,0,45,0%,9.82
tenis satelite,0,19,0%,5.32
clases de tenis,0,12,0%,5.83
tenis polanco,0,6,0%,10.0
canchas de tenis satelite,0,6,0%,24.33
clases de tenis para niños,0,6,0%,36.67
clases de tenis cdmx polanco,0,4,0%,23.75
clases de tenis niños 3 años,0,4,0%,38.0
tenis escuela,0,3,0%,3.0
clase de tenis,0,3,0%,10.0
canchas de tenis ciudad satelite,0,3,0%,24.67
clases de tenis para niños cdmx,0,3,0%,27.67
clase de tenis para niños,0,3,0%,44.0
curso de tenis para niños,0,3,0%,44.67
academia de tenis para niños,0,3,0%,49.67
clases tenis adultos,0,2,0%,11.5
clase de tenis para adultos,0,2,0%,46.0
clases de tenis para adultos cdmx,0,2,0%,49.5
clases tenis cdmx,0,2,0%,59.0
academia tenista,0,1,0%,1.0
8 años,0,1,0%,4.0
